model,train_size,holdout_size,holdout_prevalence_any,parameters,training_time_seconds,validation_best_any_auc,holdout_any_auc,holdout_any_average_precision,best_f1_threshold,best_f1,recall90_threshold,recall90_precision,recall90_recall,recall90_false_negative_rate,recall90_predicted_positive_rate
EfficientNet-B0,10000,5000,0.1402,,1144.32,0.904689,0.9164457514088636,0.7097307273631884,0.9,0.6440903054448871,0.25,0.35907553551296506,0.9087018544935807,0.0912981455064194,0.3548
DenseNet121,10000,5000,0.1402,6960006.0,1163.08,0.925171,0.9364761204128352,0.7815546469517965,0.85,0.7086956521739131,0.35,0.37397420867526376,0.9101283880171184,0.0898716119828816,0.3412
