model,train_size,holdout_size,holdout_any_prevalence,any_auc,any_average_precision,best_f1_threshold,best_f1,best_recall90_threshold,best_recall90_precision,best_recall90_recall,best_recall90_predicted_positive_rate
EfficientNet-B0 train_2000,2000,5000,0.1402,0.8714422522704579,0.5679041119579152,0.95,0.5463623395149786,0.2,0.2786026200873362,0.9101283880171184,0.458
EfficientNet-B0 train_10000,10000,5000,0.1402,0.9164457514088636,0.7097307273631884,0.9,0.6440903054448871,0.25,0.35907553551296506,0.9087018544935807,0.3548
