{
  "checkpoint": "outputs\\models\\best_efficientnet_b0_rsna_2000.pt",
  "checkpoint_epoch": 8,
  "val_size": 400,
  "per_label": {
    "any": {
      "positive_count": 200,
      "negative_count": 200,
      "auc": 0.850275,
      "average_precision": 0.8346230365138149
    },
    "epidural": {
      "positive_count": 5,
      "negative_count": 395,
      "auc": 0.4582278481012658,
      "average_precision": 0.013045248070710093
    },
    "intraparenchymal": {
      "positive_count": 69,
      "negative_count": 331,
      "auc": 0.8570427777048032,
      "average_precision": 0.6166090633478617
    },
    "intraventricular": {
      "positive_count": 52,
      "negative_count": 348,
      "auc": 0.8826259946949602,
      "average_precision": 0.5944538411761005
    },
    "subarachnoid": {
      "positive_count": 63,
      "negative_count": 337,
      "auc": 0.6909236493806227,
      "average_precision": 0.33871096195702405
    },
    "subdural": {
      "positive_count": 84,
      "negative_count": 316,
      "auc": 0.8105409885473176,
      "average_precision": 0.5696029285989741
    }
  },
  "best_f1_threshold_any": {
    "threshold": 0.45,
    "tn": 149.0,
    "fp": 51.0,
    "fn": 34.0,
    "tp": 166.0,
    "precision": 0.7649769585253456,
    "recall": 0.83,
    "f1": 0.7961630695443646,
    "false_negative_rate": 0.17,
    "false_positive_rate": 0.255
  },
  "best_threshold_with_recall_at_least_90": {
    "threshold": 0.15,
    "tn": 113.0,
    "fp": 87.0,
    "fn": 20.0,
    "tp": 180.0,
    "precision": 0.6741573033707865,
    "recall": 0.9,
    "f1": 0.7708779443254818,
    "false_negative_rate": 0.1,
    "false_positive_rate": 0.435
  },
  "best_threshold_with_recall_at_least_95": {
    "threshold": 0.05,
    "tn": 84.0,
    "fp": 116.0,
    "fn": 9.0,
    "tp": 191.0,
    "precision": 0.6221498371335505,
    "recall": 0.955,
    "f1": 0.7534516765285996,
    "false_negative_rate": 0.045,
    "false_positive_rate": 0.58
  }
}