label,positive_count,negative_count,auc,average_precision,accuracy,precision,recall,f1
any,9,11,0.6666666666666667,0.7124579124579125,0.45,0.45,1.0,0.6206896551724138
epidural,1,19,0.3157894736842105,0.07142857142857142,0.05,0.05,1.0,0.09523809523809523
intraparenchymal,1,19,0.736842105263158,0.16666666666666666,0.05,0.05,1.0,0.09523809523809523
intraventricular,3,17,0.3333333333333333,0.14657097288676235,0.15,0.15,1.0,0.2608695652173913
subarachnoid,3,17,0.6666666666666666,0.4843304843304843,0.85,0.0,0.0,0.0
subdural,3,17,0.6862745098039216,0.44771241830065356,0.15,0.15,1.0,0.2608695652173913
